{
  "percentage_of_null_in_fake": 90.99319438536793,
  "percentage_of_null_in_real": 88.17670682730923,
  "x_values_real": [
    0,
    10,
    20,
    30,
    40,
    50,
    60,
    70,
    80
  ],
  "explanation": "WOT trust metric for the URLs shared in the user profile.",
  "rank": 0,
  "feature_name": "WOT trust metric",
  "percentage_values_real": [
    2.522088353413659,
    1.3012048192771246,
    0.7068273092369561,
    0.40160642570281624,
    0.8514056224899704,
    3.309236947791205,
    1.6867469879518282,
    1.0441767068273222
  ],
  "percentage_values_fake": [
    2.1161207996597127,
    0.8826031475967611,
    0.6273925988940832,
    0.414717141641852,
    0.7443641003828105,
    2.5095703955763327,
    1.1059123777116042,
    0.60612505316886
  ],
  "x_values_fake": [
    0,
    10,
    20,
    30,
    40,
    50,
    60,
    70,
    80
  ]
}