{
  "percentage_of_null_in_fake": 88.09017439387495,
  "percentage_of_null_in_real": 93.60642570281125,
  "x_values_real": [
    -22000000,
    -1000000,
    -500000,
    -100000,
    0,
    10,
    50,
    100,
    500,
    1000,
    5000,
    10000,
    50000,
    100000,
    500000,
    1000000,
    5000000,
    10000000,
    20000000
  ],
  "explanation": "Alexa Delta Rank metric for the URLs shared in the user profile.",
  "rank": 0,
  "feature_name": "Alexa Delta Rank",
  "percentage_values_real": [
    0.6746987951807224,
    0.20883534136546156,
    0.36947791164658583,
    1.09236947791165,
    0.33734939759036564,
    0.43373493975904154,
    0.1606425702811265,
    0.20883534136546444,
    0.5943775100401676,
    0.5301204819277174,
    0.0642570281124506,
    0.33734939759036564,
    0.1285140562249012,
    0.33734939759036564,
    0.0963855421686759,
    0.4819277108433795,
    0.24096385542168974,
    0.0963855421686759
  ],
  "percentage_values_fake": [
    1.0846448319863895,
    0.3083794130157358,
    0.47851977881752106,
    2.5308379413015563,
    0.9464057847724305,
    0.5210548702679674,
    0.7975329646958684,
    0.4147171416418516,
    0.7762654189706453,
    0.9145044661845958,
    0.3615482773287937,
    0.5635899617184137,
    0.1488728200765621,
    0.5848575074436368,
    0.3083794130157358,
    0.7549978732454221,
    0.24457677584006632,
    0.17014036580178526
  ],
  "x_values_fake": [
    -22000000,
    -1000000,
    -500000,
    -100000,
    0,
    10,
    50,
    100,
    500,
    1000,
    5000,
    10000,
    50000,
    100000,
    500000,
    1000000,
    5000000,
    10000000,
    20000000
  ]
}