{
  "percentage_of_null_in_fake": 88.39855380689069,
  "percentage_of_null_in_real": 81.09236947791165,
  "x_values_real": [
    0,
    10000000,
    15000000,
    20000000,
    25000000,
    30000000
  ],
  "explanation": "Harmonic Centrality is a method for ranking sites by computing the number of urls that links towards a site, also taking into account the distance from the site.",
  "rank": 0,
  "feature_name": "Harmonic Centrality",
  "percentage_values_real": [
    0.5943775100401603,
    3.004016064257046,
    11.22891566265074,
    3.983935742971937,
    0.0963855421686759
  ],
  "percentage_values_fake": [
    0.5742237345810293,
    1.5844321565291297,
    7.007656316461031,
    2.4138664398128284,
    0.021267545725223158
  ],
  "x_values_fake": [
    0,
    10000000,
    15000000,
    20000000,
    25000000,
    30000000
  ]
}