{
  "percentage_of_null_in_fake": 0.0,
  "percentage_of_null_in_real": 0.0,
  "x_values_real": [
    0,
    10,
    20,
    50,
    100,
    200,
    300,
    400,
    500,
    600,
    700,
    800,
    900,
    1000,
    5000,
    10000,
    20000,
    40000,
    60000,
    80000,
    100000
  ],
  "explanation": "The number of media content the user profile has posted.",
  "rank": 0,
  "feature_name": "Number of media content",
  "percentage_values_real": [
    28.690763052209164,
    2.8112449799197137,
    5.606425702811315,
    6.136546184739032,
    8.401606425702916,
    6.329317269076384,
    5.012048192771147,
    4.224899598392206,
    3.485943775098903,
    2.9076305220871035,
    1.9919678714850875,
    2.0240963855412986,
    1.7510040160635043,
    15.630522088346694,
    2.072289156625615,
    1.47791164658571,
    0.8514056224895938,
    0.3212851405621109,
    0.1445783132529499,
    0.12851405622484435
  ],
  "percentage_values_fake": [
    28.13696299447025,
    2.732879625691176,
    5.1786473840918426,
    7.0714589536367,
    10.70820927264986,
    7.167162909400204,
    5.763504891537323,
    4.115270097833431,
    3.3496384517248856,
    2.7435133985556206,
    2.360697575501348,
    1.8077413866451764,
    1.5099957464918532,
    14.06848149724452,
    1.7971076137825577,
    0.8826031475973508,
    0.4147171416421287,
    0.14887282007666158,
    0.03190131858785605,
    0.010633772862618684
  ],
  "x_values_fake": [
    0,
    10,
    20,
    50,
    100,
    200,
    300,
    400,
    500,
    600,
    700,
    800,
    900,
    1000,
    5000,
    10000,
    20000,
    40000,
    60000,
    80000,
    100000
  ]
}