{
  "percentage_of_null_in_fake": 77.84985112717993,
  "percentage_of_null_in_real": 90.45783132530121,
  "x_values_real": [
    0,
    10,
    50,
    100,
    500,
    1000,
    5000,
    10000,
    50000,
    100000,
    500000,
    1000000,
    5000000,
    10000000,
    20000000,
    30000000
  ],
  "explanation": "Alexa Popularity metric for the URLs shared in the user profile.",
  "rank": 0,
  "feature_name": "Alexa Popularity",
  "percentage_values_real": [
    2.5060240963855462,
    0.6265060240963933,
    0.0321285140562253,
    0.4497991967871542,
    0.36947791164659094,
    0.8835341365461953,
    0.321285140562253,
    0.5622489959839427,
    0.1285140562249012,
    0.5622489959839427,
    0.30522088353414034,
    0.9959839357429843,
    0.6586345381526177,
    0.9317269076305337,
    0.20883534136546444
  ],
  "percentage_values_fake": [
    9.240748617609471,
    1.3079540621012242,
    0.21267545725223158,
    1.5631646108039021,
    0.19140791152700842,
    1.4036580178647284,
    0.4997873245427442,
    1.2973202892386126,
    0.3934495959166302,
    1.2228838792003316,
    0.4678860059549095,
    1.61633347511696,
    1.0527435133985463,
    1.2441514249255547,
    0.43598468736707474
  ],
  "x_values_fake": [
    0,
    10,
    50,
    100,
    500,
    1000,
    5000,
    10000,
    50000,
    100000,
    500000,
    1000000,
    5000000,
    10000000,
    20000000,
    30000000
  ]
}