{
  "percentage_of_null_in_fake": 81.94385367928541,
  "percentage_of_null_in_real": 93.25301204819277,
  "x_values_real": [
    0,
    10,
    50,
    100,
    500,
    1000,
    5000,
    10000,
    50000,
    100000,
    500000,
    1000000,
    1200000
  ],
  "explanation": "Alexa Country Rank User metric for the URLs shared in the user profile.",
  "rank": 0,
  "feature_name": "Alexa Country Rank User",
  "percentage_values_real": [
    2.5060240963855462,
    0.8674698795180831,
    0.1927710843373518,
    0.6746987951807308,
    0.17670682730923915,
    1.0281124497992096,
    0.3534136546184783,
    0.4819277108433795,
    0.14457831325301385,
    0.2248995983935771,
    0.0642570281124506,
    0.0321285140562253
  ],
  "percentage_values_fake": [
    9.559761803487818,
    1.5206295193534558,
    0.21267545725223158,
    1.7545725223309105,
    0.2977456401531242,
    2.1586558911101505,
    0.5954912803062502,
    1.0208421948107116,
    0.22330923011484316,
    0.5423224159931905,
    0.1488728200765621,
    0.021267545725223158
  ],
  "x_values_fake": [
    0,
    10,
    50,
    100,
    500,
    1000,
    5000,
    10000,
    50000,
    100000,
    500000,
    1000000,
    1200000
  ]
}