{
  "percentage_of_null_in_fake": 0.0,
  "percentage_of_null_in_real": 0.0,
  "x_values_real": [
    0,
    5,
    10,
    20,
    50,
    100,
    200,
    300,
    400,
    500,
    1000,
    3000,
    5000,
    15000,
    20000,
    100000,
    1000000,
    7000000
  ],
  "explanation": "The number of followers that the user profile has.",
  "rank": 0,
  "feature_name": "Number of followers",
  "percentage_values_real": [
    1.5742971887550183,
    1.6385542168674845,
    3.2931726907630927,
    9.15662650602421,
    11.646586345381671,
    15.196787148594566,
    10.00803212851418,
    6.939759036144665,
    4.787148594377463,
    12.995983935737385,
    12.321285140556952,
    2.7951807228903647,
    3.839357429717225,
    0.915662650602016,
    1.7670682730916099,
    0.8514056224895938,
    0.27309236947779425
  ],
  "percentage_values_fake": [
    2.3181624840493327,
    2.009783071033589,
    3.891960867715838,
    9.729902169289597,
    12.962569119523515,
    17.62016163334739,
    11.994895789025861,
    6.997022543600778,
    4.817099106766264,
    10.899617184184152,
    9.559761803494197,
    2.1480221182489743,
    2.66907698851729,
    0.5423224159935529,
    1.2973202892394795,
    0.5104210974056969,
    0.03190131858785605
  ],
  "x_values_fake": [
    0,
    5,
    10,
    20,
    50,
    100,
    200,
    300,
    400,
    500,
    1000,
    3000,
    5000,
    15000,
    20000,
    100000,
    1000000,
    7000000
  ]
}