{
  "percentage_of_null_in_fake": 0.0,
  "percentage_of_null_in_real": 0.0,
  "x_values_real": [
    0,
    5,
    10,
    20,
    50,
    100,
    200,
    300,
    400,
    500,
    1000,
    3000,
    5000,
    15000,
    20000,
    100000,
    130000,
    200000
  ],
  "explanation": "The number of friends that the user profile has.",
  "rank": 0,
  "feature_name": "Number of friends",
  "percentage_values_real": [
    1.4939759036144562,
    0.7710843373494003,
    1.5742971887550397,
    5.365461847389623,
    9.606425702811364,
    16.19277108433755,
    13.558232931727076,
    9.188755020080436,
    6.907630522088148,
    17.718875502000415,
    13.991967871479929,
    1.5421686746981322,
    1.4136546184732879,
    0.22489959839347762,
    0.4016064257026386,
    0.016064257028105544,
    0.03212851405621109
  ],
  "percentage_values_fake": [
    0.8613356018715449,
    0.5954912803062499,
    1.8502764780944148,
    5.742237345810253,
    10.814547001275978,
    19.51297320289225,
    15.769885155252972,
    9.549128030625667,
    7.039557635053569,
    14.451297320298792,
    11.324968098688899,
    0.9676733304983003,
    1.0208421948113937,
    0.19140791152713632,
    0.2658443215654671,
    0.04253509145047474,
    0.0
  ],
  "x_values_fake": [
    0,
    5,
    10,
    20,
    50,
    100,
    200,
    300,
    400,
    500,
    1000,
    3000,
    5000,
    15000,
    20000,
    100000,
    130000,
    200000
  ]
}