{
  "percentage_of_null_in_fake": 0.0,
  "percentage_of_null_in_real": 0.0,
  "x_values_real": [
    0,
    50,
    100,
    150,
    200,
    250,
    300,
    350,
    400,
    450,
    500,
    550,
    600,
    650,
    700,
    750,
    800,
    850,
    900,
    950,
    1000,
    1050,
    1100,
    1150,
    1200,
    1250
  ],
  "explanation": "Age of the profile account in secs",
  "rank": 0,
  "feature_name": "Tweet ratio",
  "percentage_values_real": [
    92.88353413653454,
    3.598393574295642,
    1.2048192771079158,
    0.530120481927483,
    0.5783132530117996,
    0.3694779116464275,
    0.20883534136537207,
    0.11244979919673881,
    0.12851405622484435,
    0.03212851405621109,
    0.04819277108431663,
    0.16064257028105544,
    0.016064257028105544,
    0.016064257028105544,
    0.04819277108431663,
    0.0,
    0.0,
    0.0,
    0.016064257028105544,
    0.016064257028105544,
    0.0,
    0.0,
    0.0,
    0.03212851405621109,
    0.0
  ],
  "percentage_values_fake": [
    97.22458528287989,
    1.5950659293928027,
    0.43598468736736606,
    0.19140791152713632,
    0.11697150148880553,
    0.11697150148880553,
    0.05316886431309342,
    0.07443641003833079,
    0.0638026371757121,
    0.04253509145047474,
    0.010633772862618684,
    0.02126754572523737,
    0.0,
    0.02126754572523737,
    0.0,
    0.0,
    0.010633772862618684,
    0.02126754572523737,
    0.0,
    0.0,
    0.0,
    0.0,
    0.0,
    0.0,
    0.0
  ],
  "x_values_fake": [
    0,
    50,
    100,
    150,
    200,
    250,
    300,
    350,
    400,
    450,
    500,
    550,
    600,
    650,
    700,
    750,
    800,
    850,
    900,
    950,
    1000,
    1050,
    1100,
    1150,
    1200,
    1250
  ]
}