{
  "percentage_of_null_in_fake": 0.0,
  "percentage_of_null_in_real": 0.0,
  "x_values_real": [
    0,
    5,
    10,
    20,
    50,
    100,
    200,
    300,
    400,
    500,
    1000,
    10000,
    100000,
    200000
  ],
  "explanation": "The Followers/Friends ratio of the user profile.",
  "rank": 0,
  "feature_name": "Followers/Friends ratio",
  "percentage_values_real": [
    90.58634538151544,
    3.309236947789742,
    1.9116465863445598,
    1.8152610441759265,
    0.7228915662647495,
    0.530120481927483,
    0.22489959839347762,
    0.12851405622484435,
    0.03212851405621109,
    0.24096385542158316,
    0.3694779116464275,
    0.12851405622484435,
    0.0
  ],
  "percentage_values_fake": [
    93.15185027649693,
    2.26499361973778,
    1.4036580178656664,
    1.4993619736292345,
    0.5954912803066463,
    0.3934495959168913,
    0.22330923011499237,
    0.09570395576356816,
    0.010633772862618684,
    0.2126754572523737,
    0.10633772862618684,
    0.02126754572523737,
    0.010633772862618684
  ],
  "x_values_fake": [
    0,
    5,
    10,
    20,
    50,
    100,
    200,
    300,
    400,
    500,
    1000,
    10000,
    100000,
    200000
  ]
}