{
  "percentage_of_null_in_fake": 0.0,
  "percentage_of_null_in_real": 0.0,
  "x_values_real": [
    0,
    10,
    20,
    50,
    100,
    200,
    300,
    400,
    500,
    600,
    700,
    800,
    900,
    1000,
    2000,
    4000,
    6000,
    8000,
    10000,
    20000,
    30000,
    40000,
    50000,
    60000,
    70000,
    80000,
    90000,
    100000,
    200000,
    1200000
  ],
  "explanation": "The number of tweets the user profile has posted.",
  "rank": 0,
  "feature_name": "Number of tweets",
  "percentage_values_real": [
    0.9317269076305212,
    0.7710843373493965,
    1.3493975903614586,
    1.991967871485968,
    2.843373493975939,
    2.3132530120482206,
    2.473895582329348,
    2.1365461847389824,
    1.7991967871486167,
    1.7188755020080535,
    1.5421686746988144,
    1.3493975903614626,
    1.1726907630522234,
    10.377510040160772,
    13.285140562249161,
    8.449799196787254,
    5.895582329317342,
    4.433734939758722,
    12.337349397585058,
    6.377510040157901,
    3.6787148594361696,
    2.4417670682720427,
    1.8634538152602431,
    1.3333333333327602,
    1.1084337349392825,
    0.7228915662647495,
    0.7228915662647495,
    2.987951807227631,
    1.5903614457824489
  ],
  "percentage_values_fake": [
    1.0102084219481084,
    0.8719693747341495,
    1.9566142067205305,
    3.9451297320288963,
    3.7218205019140527,
    2.6903445342407295,
    2.4883028498511113,
    2.1799234368353737,
    2.1373883453849274,
    1.9991492981709769,
    2.1373883453849274,
    1.5631646108039021,
    1.3611229264142821,
    12.271373883453766,
    14.00467886005945,
    8.762228838791941,
    6.32709485325752,
    4.44491705657461,
    11.505742237353417,
    5.136112292644825,
    2.7541471714182393,
    1.4780944279039971,
    0.9251382390478256,
    0.978307103360919,
    0.6273925988945024,
    0.4253509145047474,
    0.2764780944280858,
    1.382390472140429,
    0.6380263717571211
  ],
  "x_values_fake": [
    0,
    10,
    20,
    50,
    100,
    200,
    300,
    400,
    500,
    600,
    700,
    800,
    900,
    1000,
    2000,
    4000,
    6000,
    8000,
    10000,
    20000,
    30000,
    40000,
    50000,
    60000,
    70000,
    80000,
    90000,
    100000,
    200000,
    1200000
  ]
}