{
  "percentage_of_null_in_fake": 77.84985112717993,
  "percentage_of_null_in_real": 90.45783132530121,
  "x_values_real": [
    0,
    10,
    50,
    100,
    500,
    1000,
    5000,
    10000,
    50000,
    100000,
    500000,
    1000000,
    5000000,
    10000000,
    20000000,
    30000000
  ],
  "explanation": "Alexa Reach Rank User metric for the URLs shared in the user profile.",
  "rank": 0,
  "feature_name": "Alexa Reach Rank User",
  "percentage_values_real": [
    2.5060240963855462,
    0.6265060240963933,
    0.11244979919678855,
    0.36947791164659094,
    0.33734939759036564,
    0.9477911646586459,
    0.30522088353414034,
    0.5783132530120554,
    0.1606425702811265,
    0.5301204819277174,
    0.2248995983935771,
    1.1726907630522234,
    0.49799196787149125,
    0.963855421686759,
    0.20883534136546444
  ],
  "percentage_values_fake": [
    9.240748617609471,
    1.4036580178647284,
    0.1488728200765621,
    0.9889408762228769,
    0.733730327520199,
    1.4355593364525632,
    0.48915355168013264,
    1.265418970650778,
    0.5316886431305807,
    1.1803487877498853,
    0.4572522330922979,
    1.61633347511696,
    0.9676733304976537,
    1.1590812420246621,
    0.531688643130579
  ],
  "x_values_fake": [
    0,
    10,
    50,
    100,
    500,
    1000,
    5000,
    10000,
    50000,
    100000,
    500000,
    1000000,
    5000000,
    10000000,
    20000000,
    30000000
  ]
}