{
  "percentage_of_null_in_fake": 0.0,
  "percentage_of_null_in_real": 0.0,
  "x_values_real": [
    0,
    5,
    10,
    20,
    50,
    100,
    500,
    1000,
    10000,
    100000,
    200000
  ],
  "explanation": "Times that the user profile has been listed.",
  "rank": 0,
  "feature_name": "Times listed",
  "percentage_values_real": [
    52.27309236947853,
    10.586345381526236,
    10.65060240963448,
    10.45783132529671,
    5.991967871483368,
    7.148594377506967,
    1.301204819276549,
    1.3493975903608657,
    0.22489959839347762,
    0.016064257028105544
  ],
  "percentage_values_fake": [
    73.27732879626261,
    7.741386643986402,
    6.475967673334779,
    5.348787749897198,
    3.1475967673351306,
    3.030625265846325,
    0.4785197788178408,
    0.4678860059552221,
    0.02126754572523737,
    0.010633772862618684
  ],
  "x_values_fake": [
    0,
    5,
    10,
    20,
    50,
    100,
    500,
    1000,
    10000,
    100000,
    200000
  ]
}