{
  "percentage_of_null_in_fake": 0.0,
  "percentage_of_null_in_real": 0.0,
  "x_values_real": [
    "06/06",
    "01/07",
    "07/07",
    "01/08",
    "07/08",
    "01/09",
    "07/09",
    "01/10",
    "07/10",
    "01/11",
    "08/11",
    "02/12",
    "08/12",
    "02/13",
    "08/13",
    "02/14",
    "08/14",
    "02/15"
  ],
  "x_values_real_unix": [
    1149120000,
    1167609600,
    1183248000,
    1199145600,
    1214870400,
    1230768000,
    1246406400,
    1262304000,
    1277942400,
    1293840000,
    1312156800,
    1328054400,
    1343779200,
    1359676800,
    1375315200,
    1391212800,
    1406851200,
    1422748800
],
  "explanation": "The date the user profile was created.",
  "rank": 0,
  "feature_name": "Account age (Date created)",
  "percentage_values_real": [
    0.14457831325301207,
    1.3333333333333317,
    0.6265060240963862,
    2.554216867469911,
    5.413654618473962,
    20.963855421687008,
    9.622489959839477,
    8.835341365461957,
    9.09236947791176,
    10.586345381523948,
    10.248995983931337,
    8.192771084333828,
    5.510040160640202,
    1.4618473895576045,
    1.3654618473889713,
    1.7028112449791877,
    1.831325301204032
  ],
  "percentage_values_fake": [
    0.031901318587834966,
    0.34028073160357286,
    0.40408336877924356,
    0.9783071033602676,
    2.243726074011043,
    13.621863037005435,
    8.943002977456338,
    8.634623564440606,
    9.325818800510355,
    13.717566992768937,
    13.643130582735928,
    10.293492131014887,
    5.465759251386004,
    3.2539344959613175,
    4.12590387069605,
    2.903019991494901,
    1.7120374308816082
  ],
  "x_values_fake": [
    "01 Jul 2006",
    "03 Jan 2007",
    "08 Jul 2007",
    "10 Jan 2008",
    "14 Jul 2008",
    "16 Jan 2009",
    "21 Jul 2009",
    "23 Jan 2010",
    "28 Jul 2010",
    "30 Jan 2011",
    "04 Aug 2011",
    "06 Feb 2012",
    "10 Aug 2012",
    "12 Feb 2013",
    "17 Aug 2013",
    "19 Feb 2014",
    "24 Aug 2014",
    "26 Feb 2015"
  ]
}