{
  "percentage_of_null_in_fake": 0.0,
  "percentage_of_null_in_real": 0.0,
  "x_values_real": [
    0,
    5,
    10,
    15,
    20,
    25,
    30,
    35,
    40,
    45,
    50,
    55,
    60,
    65,
    70,
    75,
    80,
    85,
    90
  ],
  "explanation": "The number of uppercase characters in the tweet text.",
  "rank": 0,
  "feature_name": "Number of uppercase characters",
  "percentage_values_real": [
    67.37349397590293,
    26.843373493964364,
    3.5502008032113253,
    0.738955823292855,
    0.30522088353400534,
    0.2570281124496887,
    0.1445783132529499,
    0.12851405622484435,
    0.016064257028105544,
    0.0,
    0.04819277108431663,
    0.0,
    0.03212851405621109,
    0.08032128514052772,
    0.11244979919673881,
    0.11244979919673881,
    0.24096385542158316,
    0.016064257028105544
  ],
  "percentage_values_fake": [
    60.09145044661805,
    17.354317311791085,
    5.561463207149572,
    7.954062101238776,
    1.2228838792011487,
    6.86941726925167,
    0.2764780944280858,
    0.19140791152713632,
    0.08507018290094948,
    0.17014036580189895,
    0.0638026371757121,
    0.02126754572523737,
    0.04253509145047474,
    0.02126754572523737,
    0.04253509145047474,
    0.03190131858785605,
    0.0
  ],
  "x_values_fake": [
    0,
    5,
    10,
    15,
    20,
    25,
    30,
    35,
    40,
    45,
    50,
    55,
    60,
    65,
    70,
    75,
    80,
    85
  ]
}