{
  "percentage_of_null_in_fake": 88.54742662696725,
  "percentage_of_null_in_real": 85.83132530120481,
  "x_values_real": [
    0,
    1000,
    2000,
    3000,
    4000,
    5000,
    10000,
    100000,
    1000000,
    5000000,
    15000000
  ],
  "explanation": "Alexa Delta Rank metric for the URLs.",
  "rank": 0,
  "feature_name": "Alexa Delta Rank metric",
  "percentage_values_real": [
    6.586345381526185,
    0.2248995983935771,
    0.0321285140562253,
    0.0,
    0.01606425702811265,
    0.04819277108433795,
    0.5301204819277174,
    0.1285140562249012,
    0.24096385542168974,
    0.0321285140562253
  ],
  "percentage_values_fake": [
    3.4453424074861516,
    0.60612505316886,
    0.03190131858783474,
    0.021267545725223158,
    0.03190131858783474,
    0.09570395576350421,
    0.733730327520199,
    0.19140791152700842,
    0.43598468736707474,
    0.042535091450446316
  ],
  "x_values_fake": [
    0,
    1000,
    2000,
    3000,
    4000,
    5000,
    10000,
    100000,
    1000000,
    5000000,
    15000000
  ]
}