{
  "percentage_of_null_in_fake": 23.77711612079966,
  "percentage_of_null_in_real": 18.714859437751006,
  "x_values_real": [
    0,
    1,
    2,
    3,
    4,
    5,
    6,
    7,
    8,
    9,
    10,
    11,
    12,
    13,
    14,
    15,
    16,
    17,
    18,
    19
  ],
  "explanation": "The number of nouns in the tweet text.",
  "rank": 0,
  "feature_name": "Number of nouns",
  "percentage_values_real": [
    0.883534136546184,
    5.349397590361496,
    6.24899598393582,
    9.991967871486068,
    14.8594377510042,
    12.36947791164674,
    9.927710843373617,
    12.610441767064785,
    5.076305220881352,
    2.0883534136537207,
    1.1566265060235992,
    0.44979919678695524,
    0.08032128514052772,
    0.04819277108431663,
    0.03212851405621109,
    0.08032128514052772,
    0.016064257028105544,
    0.016064257028105544,
    0.0
  ],
  "percentage_values_fake": [
    1.2441514249255632,
    4.455550829434252,
    7.379838366652436,
    8.911101658868505,
    9.76180348787743,
    9.13441088898335,
    8.62398979157799,
    12.856231390897399,
    8.75159506593409,
    2.254359846875161,
    1.5099957464918532,
    0.5848575074440276,
    0.2871118672907045,
    0.2126754572523737,
    0.15950659293928027,
    0.04253509145047474,
    0.04253509145047474,
    0.0,
    0.010633772862618684
  ],
  "x_values_fake": [
    0,
    1,
    2,
    3,
    4,
    5,
    6,
    7,
    8,
    9,
    10,
    11,
    12,
    13,
    14,
    15,
    16,
    17,
    18,
    19
  ]
}