{
  "percentage_of_null_in_fake": 0.0,
  "percentage_of_null_in_real": 0.0,
  "x_values_real": [
    0,
    1,
    2,
    3,
    4,
    5,
    6,
    7,
    8,
    9,
    10,
    11,
    12,
    13,
    14,
    15,
    16,
    17
  ],
  "explanation": "The number of hashtags in the tweet text.",
  "rank": 0,
  "feature_name": "Number of hashtags",
  "percentage_values_real": [
    27.75903614457863,
    36.77108433734962,
    19.084337349389386,
    8.819277108429944,
    2.746987951806048,
    1.9116465863445598,
    1.060240963854966,
    0.6746987951804329,
    0.49799196787127187,
    0.19277108433726653,
    0.19277108433726653,
    0.09638554216863326,
    0.06425702811242218,
    0.08032128514052772,
    0.03212851405621109,
    0.0,
    0.016064257028105544
  ],
  "percentage_values_fake": [
    47.820076563164285,
    25.71246278180117,
    13.005104210982651,
    5.508294342836479,
    3.264568268823936,
    1.4887282007666158,
    1.1059123777123432,
    0.6911952360702145,
    0.4785197788178408,
    0.3402807316037979,
    0.19140791152713632,
    0.18077413866451764,
    0.09570395576356816,
    0.0638026371757121,
    0.02126754572523737,
    0.03190131858785605,
    0.0
  ],
  "x_values_fake": [
    0,
    1,
    2,
    3,
    4,
    5,
    6,
    7,
    8,
    9,
    10,
    11,
    12,
    13,
    14,
    15,
    16,
    17
  ]
}