{
  "percentage_of_null_in_fake": 0.0,
  "percentage_of_null_in_real": 0.0,
  "x_values_real": [
    0,
    2,
    4,
    6,
    8,
    10,
    12,
    14,
    16,
    18,
    20,
    22,
    24,
    26,
    28,
    30
  ],
  "explanation": "The number of words in the tweet text.",
  "rank": 0,
  "feature_name": "Number of words",
  "percentage_values_real": [
    1.3815261044176692,
    6.441767068273164,
    8.690763052208943,
    10.024096385542293,
    16.465863453815466,
    10.682730923694912,
    10.60240963855422,
    15.196787148587845,
    9.927710843369226,
    6.859437751001067,
    3.132530120480581,
    0.530120481927483,
    0.04819277108431663,
    0.016064257028105544,
    0.0
  ],
  "percentage_values_fake": [
    2.9242875372181927,
    7.411739685240271,
    8.166737558485694,
    8.464483198638817,
    13.37728626116537,
    16.49298170991056,
    11.580178647386965,
    11.569544874529129,
    8.517652062957566,
    6.8906848149769075,
    3.4240748617632164,
    0.9145044661852069,
    0.22330923011499237,
    0.03190131858785605,
    0.010633772862618684
  ],
  "x_values_fake": [
    0,
    2,
    4,
    6,
    8,
    10,
    12,
    14,
    16,
    18,
    20,
    22,
    24,
    26,
    28,
    30
  ]
}