{
  "percentage_of_null_in_fake": 92.82220331773713,
  "percentage_of_null_in_real": 91.53413654618474,
  "x_values_real": [
    0,
    5000,
    10000,
    15000,
    20000,
    25000,
    30000,
    35000,
    40000,
    45000,
    50000,
    55000,
    60000,
    65000,
    70000,
    75000,
    80000,
    85000,
    90000,
    95000,
    100000,
    105000,
    110000,
    115000,
    120000,
    125000,
    130000,
    135000,
    140000,
    145000,
    150000,
    155000,
    160000,
    165000,
    170000,
    175000,
    180000,
    185000,
    190000,
    195000,
    200000,
    205000,
    210000,
    215000,
    220000,
    225000,
    230000
  ],
  "explanation": "Indegree ranking is the number of sites with a link towards a concrete site.",
  "rank": 0,
  "feature_name": "Indegree Ranking",
  "percentage_values_real": [
    3.1004016064257143,
    1.0441767068273218,
    0.1285140562249012,
    0.04819277108433795,
    0.0,
    0.3534136546184783,
    0.7389558232931819,
    0.27309236947791504,
    0.0321285140562253,
    0.0,
    0.0,
    0.08032128514056325,
    0.01606425702811265,
    1.7670682730923915,
    0.0,
    0.0642570281124506,
    0.14457831325301385,
    0.0,
    0.0,
    0.14457831325301385,
    0.0,
    0.0,
    0.0,
    0.04819277108433795,
    0.03212851405622441,
    0.0,
    0.0,
    0.0,
    0.20883534136546444,
    0.0,
    0.0,
    0.0,
    0.0,
    0.0,
    0.0,
    0.01606425702811265,
    0.0,
    0.0,
    0.0,
    0.0,
    0.0,
    0.0,
    0.01606425702811265,
    0.20883534136546444,
    0.0,
    0.0
  ],
  "percentage_values_fake": [
    2.9242875372181927,
    1.7333049766056878,
    0.40408336877924,
    0.09570395576350421,
    0.17014036580178526,
    0.43598468736707474,
    0.06380263717566947,
    0.010633772862611579,
    0.010633772862611579,
    0.03190131858783474,
    0.010633772862611579,
    0.08507018290089263,
    0.0,
    0.03190131858783474,
    0.0,
    0.03190131858783474,
    0.0,
    0.0,
    0.0,
    0.8188005104210916,
    0.0,
    0.0,
    0.010633772862611579,
    0.03190131858783474,
    0.0,
    0.0,
    0.010633772862611579,
    0.0,
    0.03190131858783474,
    0.0,
    0.0,
    0.0,
    0.0,
    0.0,
    0.0,
    0.010633772862611579,
    0.0,
    0.0,
    0.010633772862611579,
    0.0,
    0.0,
    0.0,
    0.010633772862611579,
    0.20204168438962,
    0.0,
    0.0
  ],
  "x_values_fake": [
    0,
    5000,
    10000,
    15000,
    20000,
    25000,
    30000,
    35000,
    40000,
    45000,
    50000,
    55000,
    60000,
    65000,
    70000,
    75000,
    80000,
    85000,
    90000,
    95000,
    100000,
    105000,
    110000,
    115000,
    120000,
    125000,
    130000,
    135000,
    140000,
    145000,
    150000,
    155000,
    160000,
    165000,
    170000,
    175000,
    180000,
    185000,
    190000,
    195000,
    200000,
    205000,
    210000,
    215000,
    220000,
    225000,
    230000
  ]
}