{
  "percentage_of_null_in_fake": 88.54742662696725,
  "percentage_of_null_in_real": 85.83132530120481,
  "x_values_real": [
    0,
    1000,
    2000,
    3000,
    4000,
    5000,
    10000,
    100000,
    1000000,
    5000000,
    15000000,
    25000000
  ],
  "explanation": "Alexa Reach Rank metric for the URLs.",
  "rank": 0,
  "feature_name": "Alexa Reach Rank metric",
  "percentage_values_real": [
    9.365461847389646,
    0.9317269076305337,
    0.04819277108433795,
    0.0321285140562253,
    0.14457831325301385,
    0.20883534136546444,
    1.0602409638554349,
    1.7188755020080535,
    0.36947791164659094,
    0.2248995983935771,
    0.0642570281124506
  ],
  "percentage_values_fake": [
    6.529136537643518,
    0.24457677584006632,
    0.17014036580178526,
    0.4147171416418516,
    0.12760527435133895,
    0.43598468736707474,
    1.690769885155241,
    0.9251382390472074,
    0.34028073160357053,
    0.4466184602296863,
    0.12760527435133895
  ],
  "x_values_fake": [
    0,
    1000,
    2000,
    3000,
    4000,
    5000,
    10000,
    100000,
    1000000,
    5000000,
    15000000,
    25000000
  ]
}