{
  "percentage_of_null_in_fake": 88.54742662696725,
  "percentage_of_null_in_real": 85.83132530120481,
  "x_values_real": [
    0,
    1000,
    2000,
    3000,
    4000,
    5000,
    10000,
    100000,
    1000000,
    5000000,
    15000000,
    25000000
  ],
  "explanation": "Alexa Popularity metric for the URLs.",
  "rank": 0,
  "feature_name": "Alexa Popularity metric",
  "percentage_values_real": [
    9.301204819277196,
    0.963855421686759,
    0.0642570281124506,
    0.01606425702811265,
    0.04819277108433795,
    0.321285140562253,
    1.0763052208835475,
    1.7349397590361662,
    0.3534136546184783,
    0.20883534136546444,
    0.08032128514056325
  ],
  "percentage_values_fake": [
    6.507868991918295,
    0.2658443215652895,
    0.1488728200765621,
    0.08507018290089263,
    0.08507018290089263,
    0.6486601446193063,
    1.8502764780944148,
    0.9464057847724305,
    0.31901318587834737,
    0.4678860059549095,
    0.12760527435133895
  ],
  "x_values_fake": [
    0,
    1000,
    2000,
    3000,
    4000,
    5000,
    10000,
    100000,
    1000000,
    5000000,
    15000000,
    25000000
  ]
}