{
  "percentage_of_null_in_fake": 14.834113143343258,
  "percentage_of_null_in_real": 13.076305220883533,
  "x_values_real": [
    0,
    1,
    2,
    3,
    4,
    5,
    6,
    7
  ],
  "explanation": "The number of negative sentiment words in the tweet text.",
  "rank": 0,
  "feature_name": "Number of negative sentiment words",
  "percentage_values_real": [
    68.04819277108336,
    14.586345381519834,
    3.2931726907616365,
    0.738955823292855,
    0.22489959839347762,
    0.016064257028105544,
    0.016064257028105544
  ],
  "percentage_values_fake": [
    57.507443641003434,
    22.68183751596132,
    4.221607826459618,
    0.6273925988945024,
    0.11697150148880553,
    0.010633772862618684,
    0.0
  ],
  "x_values_fake": [
    0,
    1,
    2,
    3,
    4,
    5,
    6,
    7
  ]
}