{
  "percentage_of_null_in_fake": 0.0,
  "percentage_of_null_in_real": 0.0,
  "x_values_real": [
    0,
    1,
    2,
    3,
    4,
    5,
    6,
    7,
    8,
    9,
    10,
    11,
    12,
    13,
    14,
    15,
    16
  ],
  "explanation": "The number of exclamation marks in the tweet text.",
  "rank": 0,
  "feature_name": "Number of exclamation marks",
  "percentage_values_real": [
    85.5261044176622,
    9.477911646582271,
    2.7630522088341536,
    1.269076305220338,
    0.44979919678695524,
    0.27309236947779425,
    0.09638554216863326,
    0.016064257028105544,
    0.08032128514052772,
    0.0,
    0.0,
    0.0,
    0.03212851405621109,
    0.016064257028105544,
    0.0,
    0.0
  ],
  "percentage_values_fake": [
    68.65163760102348,
    16.110165886867307,
    4.583156103788653,
    8.65589111017161,
    1.1590812420254366,
    0.4253509145047474,
    0.17014036580189895,
    0.14887282007666158,
    0.02126754572523737,
    0.02126754572523737,
    0.010633772862618684,
    0.010633772862618684,
    0.02126754572523737,
    0.0,
    0.0,
    0.010633772862618684
  ],
  "x_values_fake": [
    0,
    1,
    2,
    3,
    4,
    5,
    6,
    7,
    8,
    9,
    10,
    11,
    12,
    13,
    14,
    15,
    16
  ]
}