{
  "percentage_of_null_in_fake": 15.578477243726073,
  "percentage_of_null_in_real": 13.38152610441767,
  "x_values_real": [
    0,
    1,
    2,
    3,
    4,
    5,
    6,
    7,
    8,
    9,
    10,
    11
  ],
  "explanation": "The number of slang words in the tweet text.",
  "rank": 0,
  "feature_name": "Number of slang words",
  "percentage_values_real": [
    55.88755020080388,
    21.317269076299645,
    5.718875502005574,
    1.799196787147821,
    0.6746987951804329,
    0.7068273092366439,
    0.4819277108431663,
    0.016064257028105544,
    0.016064257028105544,
    0.0,
    0.0
  ],
  "percentage_values_fake": [
    56.582305401956226,
    17.460655040414927,
    6.933219906427382,
    2.02041684389755,
    0.776265418971164,
    0.3402807316037979,
    0.22330923011499237,
    0.05316886431309342,
    0.02126754572523737,
    0.0,
    0.010633772862618684
  ],
  "x_values_fake": [
    0,
    1,
    2,
    3,
    4,
    5,
    6,
    7,
    8,
    9,
    10,
    11
  ]
}