{
  "percentage_of_null_in_fake": 90.27009783071034,
  "percentage_of_null_in_real": 86.61847389558233,
  "x_values_real": [
    0,
    5,
    10,
    15,
    20,
    25,
    30,
    35,
    40,
    45,
    50,
    55,
    60,
    65,
    70,
    75,
    80
  ],
  "explanation": "Web Of Trust metric for the URLs.",
  "rank": 0,
  "feature_name": "WOT trust",
  "percentage_values_real": [
    0.12851405622489961,
    0.5622489959839352,
    0.14457831325301185,
    0.016064257028112428,
    0.3534136546184734,
    0.032128514056224855,
    0.04819277108433728,
    0.12851405622489942,
    0.32128514056224855,
    0.28915662650602414,
    0.49799196787149214,
    1.3172690763052373,
    0.3694779116465905,
    5.2530120481928355,
    3.9196787148594865,
    0.0
  ],
  "percentage_values_fake": [
    0.4040833687792427,
    0.3509145044661853,
    0.3721820501914078,
    0.21267545725223158,
    0.08507018290089263,
    0.20204168438962,
    0.010633772862611579,
    0.3934495959166284,
    0.3509145044661821,
    0.1488728200765621,
    0.2552105487026779,
    0.48915355168013264,
    1.4887282007656215,
    3.083794130157358,
    1.8396427052318032,
    0.042535091450446316
  ],
  "x_values_fake": [
    0,
    5,
    10,
    15,
    20,
    25,
    30,
    35,
    40,
    45,
    50,
    55,
    60,
    65,
    70,
    75,
    80
  ]
}