{
  "percentage_of_null_in_fake": 0.0,
  "percentage_of_null_in_real": 0.0,
  "x_values_real": [
    0,
    10,
    20,
    30,
    40,
    50,
    60,
    70,
    80,
    90,
    100,
    110,
    120,
    130,
    140,
    150,
    160,
    170,
    180,
    190,
    200
  ],
  "explanation": "The length in characters of the tweet text.",
  "rank": 0,
  "feature_name": "Text length",
  "percentage_values_real": [
    0.0,
    0.0,
    0.7550200803212845,
    2.8273092369478094,
    5.542168674698862,
    6.457831325301285,
    7.82329317269086,
    7.550200803212945,
    12.562248995984092,
    7.646586345381621,
    7.742971887550297,
    8.19277108433608,
    11.132530120477142,
    18.57028112449001,
    3.1807228915648977,
    0.016064257028105544,
    0.0,
    0.0,
    0.0,
    0.0
  ],
  "percentage_values_fake": [
    0.0,
    0.0,
    1.1378136962994474,
    4.210974053594185,
    5.869842620161592,
    6.295193534666057,
    6.114419396001658,
    8.400680561463151,
    8.68779242875366,
    8.560187154402321,
    12.133134836239812,
    11.091025095709561,
    11.537643555941273,
    12.44151424926386,
    3.498511271801547,
    0.010633772862618684,
    0.0,
    0.0,
    0.0,
    0.010633772862618684
  ],
  "x_values_fake": [
    0,
    10,
    20,
    30,
    40,
    50,
    60,
    70,
    80,
    90,
    100,
    110,
    120,
    130,
    140,
    150,
    160,
    170,
    180,
    190,
    200
  ]
}