{
  "percentage_of_null_in_fake": 14.834113143343258,
  "percentage_of_null_in_real": 13.076305220883533,
  "x_values_real": [
    0,
    1,
    2,
    3,
    4,
    5,
    6
  ],
  "explanation": "The number of positive sentiment words in the tweet text.",
  "rank": 0,
  "feature_name": "Number of positive sentiment words",
  "percentage_values_real": [
    60.67469879518145,
    19.919678714852346,
    4.899598393572191,
    1.3493975903608657,
    0.08032128514052772,
    0.0
  ],
  "percentage_values_fake": [
    45.88472990216898,
    30.678434708642804,
    7.549978732459266,
    0.9145044661852069,
    0.11697150148880553,
    0.02126754572523737
  ],
  "x_values_fake": [
    0,
    1,
    2,
    3,
    4,
    5,
    6
  ]
}