{
  "percentage_of_null_in_fake": 0.0,
  "percentage_of_null_in_real": 0.0,
  "x_values_real": [
    0,
    1,
    2,
    3,
    4,
    5,
    6
  ],
  "explanation": "The number of question marks in the tweet text.",
  "rank": 0,
  "feature_name": "Number of question marks",
  "percentage_values_real": [
    96.88353413653282,
    2.746987951806048,
    0.17670682730916099,
    0.04819277108431663,
    0.04819277108431663,
    0.09638554216863326
  ],
  "percentage_values_fake": [
    94.17269247130832,
    4.7001276052774585,
    0.606125053169265,
    0.38281582305427264,
    0.0638026371757121,
    0.07443641003833079
  ],
  "x_values_fake": [
    0,
    1,
    2,
    3,
    4,
    5,
    6
  ]
}