{
  "percentage_of_null_in_fake": 88.54742662696725,
  "percentage_of_null_in_real": 85.83132530120481,
  "x_values_real": [
    0,
    1000,
    2000,
    3000,
    4000,
    5000,
    6000,
    7000,
    8000,
    9000,
    10000,
    20000,
    30000,
    40000,
    70000,
    80000,
    84000,
    800000,
    840000,
    1070000
  ],
  "explanation": "Alexa Country Rank metric for the URLs.",
  "rank": 0,
  "feature_name": "Alexa Country Rank metric",
  "percentage_values_real": [
    11.261044176706939,
    0.30522088353414034,
    0.0321285140562253,
    0.0642570281124506,
    0.04819277108433795,
    0.5783132530120554,
    0.08032128514056325,
    0.04819277108433795,
    0.0,
    0.01606425702811265,
    0.1606425702811265,
    0.04819277108433795,
    0.01606425702811265,
    0.27309236947791504,
    0.0,
    0.01606425702811265,
    1.1726907630522234,
    0.0,
    0.04819277108433795
  ],
  "percentage_values_fake": [
    8.21990642279876,
    0.3934495959166284,
    0.11697150148872737,
    0.11697150148872737,
    0.19140791152700842,
    0.021267545725223158,
    0.3615482773287937,
    0.08507018290089263,
    0.010633772862611579,
    0.08507018290089263,
    0.40408336877924,
    0.09570395576350421,
    0.7018290089323642,
    0.15950659293917369,
    0.03190131858783474,
    0.0,
    0.42535091450446316,
    0.03190131858783474,
    0.0
  ],
  "x_values_fake": [
    0,
    1000,
    2000,
    3000,
    4000,
    5000,
    6000,
    7000,
    8000,
    9000,
    10000,
    20000,
    30000,
    40000,
    70000,
    80000,
    84000,
    800000,
    840000,
    1070000
  ]
}