{
  "percentage_of_null_in_fake": 0.0,
  "percentage_of_null_in_real": 0.0,
  "x_values_real": [
    0,
    5,
    10,
    20,
    50,
    100,
    200,
    300,
    400,
    500,
    1000,
    3000,
    5000,
    15000,
    20000
  ],
  "explanation": "The number of times the tweet has been retweeted.",
  "rank": 0,
  "feature_name": "Retweet count",
  "percentage_values_real": [
    84.32128514055428,
    4.3855421686728135,
    3.5020080321270086,
    2.393574297187726,
    1.124497991967388,
    1.060240963854966,
    1.0281124497987548,
    0.19277108433726653,
    0.2570281124496887,
    1.060240963854966,
    0.562248995983694,
    0.09638554216863326,
    0.016064257028105544,
    0.0
  ],
  "percentage_values_fake": [
    93.8217779668419,
    1.2547851977890048,
    1.0740110591244871,
    1.148447469162818,
    0.5529561888561716,
    0.6911952360702145,
    0.2126754572523737,
    0.15950659293928027,
    0.2871118672907045,
    0.3934495959168913,
    0.2764780944280858,
    0.05316886431309342,
    0.0638026371757121,
    0.010633772862618684
  ],
  "x_values_fake": [
    0,
    5,
    10,
    20,
    50,
    100,
    200,
    300,
    400,
    500,
    1000,
    3000,
    5000,
    15000,
    20000
  ]
}