{
  "percentage_of_null_in_fake": 24.021692896639728,
  "percentage_of_null_in_real": 18.89156626506024,
  "x_values_real": [
    0,
    10,
    20,
    30,
    40,
    50,
    60,
    70,
    80,
    90,
    100,
    110,
    120,
    130
  ],
  "explanation": "Readability metric for the tweet text.",
  "rank": 0,
  "feature_name": "Readability",
  "percentage_values_real": [
    6.489959839357509,
    7.694779116465959,
    1.5903614457831523,
    4.30522088353419,
    4.78714859437757,
    9.622489959839477,
    11.935742971887699,
    10.763052208835475,
    7.775100401605002,
    6.506024096382745,
    4.626506024094397,
    1.9919678714850875,
    0.5461847389555885
  ],
  "percentage_values_fake": [
    0.5742237345810253,
    0.9464057847724305,
    0.5104210974053558,
    3.70055295618883,
    4.115270097830681,
    8.889834113143282,
    13.994045087196842,
    18.502764780944148,
    9.549128030625198,
    5.944279030202914,
    4.115270097833431,
    2.5840068056163403,
    0.7337303275206892
  ],
  "x_values_fake": [
    0,
    10,
    20,
    30,
    40,
    50,
    60,
    70,
    80,
    90,
    100,
    110,
    120,
    130
  ]
}