{
  "percentage_of_null_in_fake": 0.0,
  "percentage_of_null_in_real": 0.0,
  "x_values_real": [
    0,
    1,
    2,
    3,
    4,
    5,
    6,
    7
  ],
  "explanation": "The number of mentions in the tweet text.",
  "rank": 0,
  "feature_name": "Number of mentions",
  "percentage_values_real": [
    48.72289156626564,
    33.99196787147809,
    14.120481927704773,
    2.3775100401596205,
    0.4819277108431663,
    0.06425702811242218,
    0.24096385542158316
  ],
  "percentage_values_fake": [
    62.12250106337686,
    30.497660569989137,
    5.774138664401946,
    1.3398553806899542,
    0.1382390472140429,
    0.08507018290094948,
    0.04253509145047474
  ],
  "x_values_fake": [
    0,
    1,
    2,
    3,
    4,
    5,
    6,
    7
  ]
}